dataset,method,num_clusters,sampling,pca,tp,fp,fn,tn,time
base,kmeans,5,smote,5.0,143743,54036,80772,117038,1.2329621315002441
base,kmeans,10,smote,5.0,137748,60031,76810,121000,1.7478084564208984
base,kmeans,30,smote,5.0,140742,57037,71239,126571,2.893688678741455
base,kmeans++,5,smote,5.0,143778,54001,80871,116939,1.0524091720581055
base,kmeans++,10,smote,5.0,131962,65817,70811,126999,1.8098983764648438
base,kmeans++,30,smote,5.0,133628,64151,65578,132232,3.102764129638672
base,kmeans,5,smote,15.0,108390,89389,47201,150609,2.642069101333618
base,kmeans,10,smote,15.0,131184,66595,63856,133954,3.1505208015441895
base,kmeans,30,smote,15.0,142978,54801,72094,125716,5.921413421630859
base,kmeans++,5,smote,15.0,144105,53674,79634,118176,2.481515645980835
base,kmeans++,10,smote,15.0,147799,49980,80735,117075,2.943702459335327
base,kmeans++,30,smote,15.0,138977,58802,68792,129018,6.336941719055176
base,kmeans,5,smote,,108309,89470,48417,149393,2.928177833557129
base,kmeans,10,smote,,131894,65885,65449,132361,3.8897383213043213
base,kmeans,30,smote,,133387,64392,65920,131890,6.6277382373809814
base,kmeans++,5,smote,,108299,89480,48764,149046,2.932003974914551
base,kmeans++,10,smote,,131853,65926,65351,132459,3.531057119369507
base,kmeans++,30,smote,,149955,47824,76397,121413,6.622039794921875
base,kmeans,5,ros,5.0,143823,53956,81179,116631,1.0386114120483398
base,kmeans,10,ros,5.0,132169,65610,70300,127510,1.3453216552734375
base,kmeans,30,ros,5.0,139609,58170,71340,126470,2.7276062965393066
base,kmeans++,5,ros,5.0,143622,54157,80506,117304,0.9911041259765625
base,kmeans++,10,ros,5.0,143603,54176,79818,117992,1.5967621803283691
base,kmeans++,30,ros,5.0,140407,57372,71637,126173,2.7682013511657715
base,kmeans,5,ros,15.0,144020,53759,80319,117491,1.9538068771362305
base,kmeans,10,ros,15.0,137226,60553,66690,131120,2.2615623474121094
base,kmeans,30,ros,15.0,145301,52478,75136,122674,4.988410234451294
base,kmeans++,5,ros,15.0,144043,53736,80247,117563,1.7652530670166016
base,kmeans++,10,ros,15.0,159226,38553,93386,104424,1.994297981262207
base,kmeans++,30,ros,15.0,139779,58000,69615,128195,4.172089338302612
base,kmeans,5,ros,,144306,53473,80320,117490,2.371893882751465
base,kmeans,10,ros,,131424,66355,61592,136218,3.4757297039031982
base,kmeans,30,ros,,143965,53814,71557,126253,6.161148309707642
base,kmeans++,5,ros,,144354,53425,80880,116930,2.4801034927368164
base,kmeans++,10,ros,,156039,41740,88677,109133,2.9897067546844482
base,kmeans++,30,ros,,134586,63193,65754,132056,4.593267917633057
base,kmeans,5,under,5.0,1628,612,914,1258,0.2419745922088623
base,kmeans,10,under,5.0,1511,737,694,1470,0.2318742275238037
base,kmeans,30,under,5.0,1455,740,661,1556,0.24205589294433594
base,kmeans++,5,under,5.0,1576,581,921,1334,0.22147321701049805
base,kmeans++,10,under,5.0,1520,714,836,1342,0.23764824867248535
base,kmeans++,30,under,5.0,1530,715,732,1435,0.2589285373687744
base,kmeans,5,under,15.0,1619,603,892,1298,0.26094651222229004
base,kmeans,10,under,15.0,1543,658,790,1421,0.2608363628387451
base,kmeans,30,under,15.0,1611,619,759,1423,0.2978649139404297
base,kmeans++,5,under,15.0,1610,607,915,1280,0.25983381271362305
base,kmeans++,10,under,15.0,1775,462,1009,1166,0.26970672607421875
base,kmeans++,30,under,15.0,1561,640,749,1462,0.30222320556640625
base,kmeans,5,under,,1566,645,910,1291,0.1299443244934082
base,kmeans,10,under,,1494,710,734,1474,0.13821840286254883
base,kmeans,30,under,,1372,747,678,1615,0.18214654922485352
base,kmeans++,5,under,,1498,761,762,1391,0.14285778999328613
base,kmeans++,10,under,,1764,453,986,1209,0.14154720306396484
base,kmeans++,30,under,,1515,660,739,1498,0.17427992820739746
base,kmeans,5,,5.0,197891,0,2109,0,0.5431268215179443
base,kmeans,10,,5.0,197891,0,2109,0,0.6895158290863037
base,kmeans,30,,5.0,197891,0,2109,0,1.6850979328155518
base,kmeans++,5,,5.0,197891,0,2109,0,0.47919631004333496
base,kmeans++,10,,5.0,197891,0,2109,0,0.6466686725616455
base,kmeans++,30,,5.0,197891,0,2109,0,1.3875672817230225
base,kmeans,5,,15.0,197891,0,2109,0,0.6672632694244385
base,kmeans,10,,15.0,197891,0,2109,0,0.9349029064178467
base,kmeans,30,,15.0,197891,0,2109,0,2.1800191402435303
base,kmeans++,5,,15.0,197891,0,2109,0,0.7834219932556152
base,kmeans++,10,,15.0,197891,0,2109,0,0.9917659759521484
base,kmeans++,30,,15.0,197891,0,2109,0,2.8007664680480957
base,kmeans,5,,,197891,0,2109,0,0.8536911010742188
base,kmeans,10,,,197891,0,2109,0,1.3088772296905518
base,kmeans,30,,,197891,0,2109,0,2.8512821197509766
base,kmeans++,5,,,197891,0,2109,0,0.978973388671875
base,kmeans++,10,,,197891,0,2109,0,1.1846511363983154
base,kmeans++,30,,,197891,0,2109,0,3.089195728302002
var1,kmeans,5,smote,5.0,154980,42812,100997,96800,1.1571099758148193
var1,kmeans,10,smote,5.0,149130,48662,94625,103172,1.5581321716308594
var1,kmeans,30,smote,5.0,146198,51594,87624,110173,2.677755355834961
var1,kmeans++,5,smote,5.0,155075,42717,101468,96329,1.0498912334442139
var1,kmeans++,10,smote,5.0,140549,57243,87998,109799,1.3940892219543457
var1,kmeans++,30,smote,5.0,142456,55336,83930,113867,2.952721118927002
var1,kmeans,5,smote,15.0,147070,50722,88733,109064,2.774132013320923
var1,kmeans,10,smote,15.0,159076,38716,101815,95982,3.043900966644287
var1,kmeans,30,smote,15.0,148317,49475,86748,111049,6.215065956115723
var1,kmeans++,5,smote,15.0,135189,62603,82022,115775,2.5877532958984375
var1,kmeans++,10,smote,15.0,147341,50451,88564,109233,2.93831729888916
var1,kmeans++,30,smote,15.0,142916,54876,78202,119595,5.139533281326294
var1,kmeans,5,smote,,127189,70603,72187,125610,2.8936495780944824
var1,kmeans,10,smote,,147480,50312,89030,108767,3.6165361404418945
var1,kmeans,30,smote,,152754,45038,90551,107246,4.842573881149292
var1,kmeans++,5,smote,,126892,70900,72607,125190,2.9495797157287598
var1,kmeans++,10,smote,,150126,47666,96785,101012,5.170997619628906
var1,kmeans++,30,smote,,155276,42516,92383,105414,5.426068067550659
var1,kmeans,5,ros,5.0,155295,42497,102193,95604,1.1697862148284912
var1,kmeans,10,ros,5.0,145771,52021,91181,106616,1.408050537109375
var1,kmeans,30,ros,5.0,140758,57034,82445,115352,2.740987777709961
var1,kmeans++,5,ros,5.0,146318,51474,87862,109935,1.0095694065093994
var1,kmeans++,10,ros,5.0,156043,41749,99723,98074,1.2706263065338135
var1,kmeans++,30,ros,5.0,146460,51332,88148,109649,2.6088619232177734
var1,kmeans,5,ros,15.0,129313,68479,77322,120475,1.6615512371063232
var1,kmeans,10,ros,15.0,151644,46148,92852,104945,2.223348379135132
var1,kmeans,30,ros,15.0,148054,49738,83896,113901,4.643665075302124
var1,kmeans++,5,ros,15.0,126754,71038,70995,126802,1.654843807220459
var1,kmeans++,10,ros,15.0,142701,55091,83855,113942,1.9353580474853516
var1,kmeans++,30,ros,15.0,150695,47097,88070,109727,4.356717586517334
var1,kmeans,5,ros,,147567,50225,88175,109622,2.477731227874756
var1,kmeans,10,ros,,156081,41711,102962,94835,3.1464593410491943
var1,kmeans,30,ros,,146002,51790,80402,117395,5.471595048904419
var1,kmeans++,5,ros,,126788,71004,70983,126814,2.4713294506073
var1,kmeans++,10,ros,,143216,54576,82011,115786,3.2256646156311035
var1,kmeans++,30,ros,,150243,47549,87600,110197,4.809557199478149
var1,kmeans,5,under,5.0,1531,665,927,1289,0.23350024223327637
var1,kmeans,10,under,5.0,1707,519,1063,1123,0.22469878196716309
var1,kmeans,30,under,5.0,1758,461,1043,1150,0.24053597450256348
var1,kmeans++,5,under,5.0,1705,448,1112,1147,0.22359085083007812
var1,kmeans++,10,under,5.0,1710,448,1136,1118,0.21421527862548828
var1,kmeans++,30,under,5.0,1674,550,1028,1160,0.2703373432159424
var1,kmeans,5,under,15.0,1822,441,1110,1039,0.27045488357543945
var1,kmeans,10,under,15.0,1756,494,1138,1024,0.2619354724884033
var1,kmeans,30,under,15.0,1702,527,931,1252,0.28857851028442383
var1,kmeans++,5,under,15.0,1380,800,831,1401,0.25028443336486816
var1,kmeans++,10,under,15.0,1795,448,1031,1138,0.2541201114654541
var1,kmeans++,30,under,15.0,1647,532,979,1254,0.28308844566345215
var1,kmeans,5,under,,1741,526,1068,1077,0.12639188766479492
var1,kmeans,10,under,,1590,599,996,1227,0.1444549560546875
var1,kmeans,30,under,,1738,480,1042,1152,0.18721795082092285
var1,kmeans++,5,under,,1636,580,960,1236,0.1212003231048584
var1,kmeans++,10,under,,1598,597,1010,1207,0.13872742652893066
var1,kmeans++,30,under,,1640,525,965,1282,0.18287420272827148
var1,kmeans,5,,5.0,197779,0,2221,0,0.5001842975616455
var1,kmeans,10,,5.0,197779,0,2221,0,0.7225046157836914
var1,kmeans,30,,5.0,197779,0,2221,0,1.3955669403076172
var1,kmeans++,5,,5.0,197779,0,2221,0,0.5567877292633057
var1,kmeans++,10,,5.0,197779,0,2221,0,0.6506259441375732
var1,kmeans++,30,,5.0,197779,0,2221,0,1.5146026611328125
var1,kmeans,5,,15.0,197779,0,2221,0,0.620333194732666
var1,kmeans,10,,15.0,197779,0,2221,0,0.9867215156555176
var1,kmeans,30,,15.0,197779,0,2221,0,2.6122725009918213
var1,kmeans++,5,,15.0,197779,0,2221,0,0.6080870628356934
var1,kmeans++,10,,15.0,197779,0,2221,0,0.8611340522766113
var1,kmeans++,30,,15.0,197779,0,2221,0,2.7280898094177246
var1,kmeans,5,,,197779,0,2221,0,0.8025498390197754
var1,kmeans,10,,,197779,0,2221,0,1.252535343170166
var1,kmeans,30,,,197779,0,2221,0,2.776421070098877
var1,kmeans++,5,,,197779,0,2221,0,1.1073944568634033
var1,kmeans++,10,,,197779,0,2221,0,1.4615797996520996
var1,kmeans++,30,,,197779,0,2221,0,2.6583902835845947
var2,kmeans,5,smote,5.0,126043,71793,75972,121781,1.2062931060791016
var2,kmeans,10,smote,5.0,114178,83658,50855,146898,1.4956183433532715
var2,kmeans,30,smote,5.0,129468,68368,55889,141864,2.9131662845611572
var2,kmeans++,5,smote,5.0,116388,81448,54096,143657,1.1943962574005127
var2,kmeans++,10,smote,5.0,134221,63615,69056,128697,1.5553605556488037
var2,kmeans++,30,smote,5.0,137736,60100,65055,132698,3.1941111087799072
var2,kmeans,5,smote,15.0,127636,70200,59948,137805,2.45111346244812
var2,kmeans,10,smote,15.0,138996,58840,73459,124294,3.0387778282165527
var2,kmeans,30,smote,15.0,126907,70929,51600,146153,6.781503200531006
var2,kmeans++,5,smote,15.0,115675,82161,57307,140446,2.484454870223999
var2,kmeans++,10,smote,15.0,152679,45157,85369,112384,2.8838460445404053
var2,kmeans++,30,smote,15.0,138862,58974,67147,130606,6.446630954742432
var2,kmeans,5,smote,,126371,71465,62028,135725,2.9888651371002197
var2,kmeans,10,smote,,137442,60394,69665,128088,4.889537811279297
var2,kmeans,30,smote,,139146,58690,68094,129659,6.350942134857178
var2,kmeans++,5,smote,,134385,63451,72563,125190,2.9384186267852783
var2,kmeans++,10,smote,,159326,38510,92871,104882,3.675036668777466
var2,kmeans++,30,smote,,135889,61947,60036,137717,5.9317991733551025
var2,kmeans,5,ros,5.0,116390,81446,54081,143672,1.19020414352417
var2,kmeans,10,ros,5.0,135939,61897,71306,126447,1.3996856212615967
var2,kmeans,30,ros,5.0,146534,51302,74050,123703,3.259591817855835
var2,kmeans++,5,ros,5.0,115027,82809,54713,143040,1.000802755355835
var2,kmeans++,10,ros,5.0,115221,82615,49195,148558,1.5787014961242676
var2,kmeans++,30,ros,5.0,138856,58980,65926,131827,2.760456085205078
var2,kmeans,5,ros,15.0,115152,82684,58199,139554,1.7072017192840576
var2,kmeans,10,ros,15.0,151525,46311,86596,111157,1.9838330745697021
var2,kmeans,30,ros,15.0,144962,52874,71802,125951,4.274059057235718
var2,kmeans++,5,ros,15.0,144851,52985,71942,125811,1.8466076850891113
var2,kmeans++,10,ros,15.0,152450,45386,88637,109116,2.1604251861572266
var2,kmeans++,30,ros,15.0,148160,49676,77733,120020,4.526670455932617
var2,kmeans,5,ros,,127422,70414,60400,137353,2.387251138687134
var2,kmeans,10,ros,,132032,65804,66708,131045,3.1606035232543945
var2,kmeans,30,ros,,133725,64111,64917,132836,6.5264575481414795
var2,kmeans++,5,ros,,132552,65284,79601,118152,2.6074373722076416
var2,kmeans++,10,ros,,152219,45617,88781,108972,3.2093734741210938
var2,kmeans++,30,ros,,145852,51984,72732,125021,5.046021223068237
var2,kmeans,5,under,5.0,1766,473,998,1175,0.23133397102355957
var2,kmeans,10,under,5.0,1408,822,546,1636,0.22998595237731934
var2,kmeans,30,under,5.0,1428,764,680,1540,0.24760222434997559
var2,kmeans++,5,under,5.0,1323,868,624,1597,0.21608209609985352
var2,kmeans++,10,under,5.0,1250,928,569,1665,0.2289741039276123
var2,kmeans++,30,under,5.0,1590,607,790,1425,0.24050688743591309
var2,kmeans,5,under,15.0,1600,582,815,1415,0.2554514408111572
var2,kmeans,10,under,15.0,1555,617,849,1391,0.274904727935791
var2,kmeans,30,under,15.0,1638,618,808,1348,0.2981302738189697
var2,kmeans++,5,under,15.0,1433,812,669,1498,0.2557356357574463
var2,kmeans++,10,under,15.0,1414,772,695,1531,0.2587153911590576
var2,kmeans++,30,under,15.0,1641,585,882,1304,0.29140186309814453
var2,kmeans,5,under,,1065,1137,555,1655,0.1348874568939209
var2,kmeans,10,under,,1647,536,1006,1223,0.1445472240447998
var2,kmeans,30,under,,1659,574,798,1381,0.17457842826843262
var2,kmeans++,5,under,,975,1274,459,1704,0.12259840965270996
var2,kmeans++,10,under,,1661,543,897,1311,0.13851332664489746
var2,kmeans++,30,under,,1740,437,1015,1220,0.16607046127319336
var2,kmeans,5,,5.0,197716,0,2284,0,0.5388579368591309
var2,kmeans,10,,5.0,197716,0,2284,0,0.7078738212585449
var2,kmeans,30,,5.0,197716,0,2284,0,1.7465789318084717
var2,kmeans++,5,,5.0,197716,0,2284,0,0.4884335994720459
var2,kmeans++,10,,5.0,197716,0,2284,0,0.673264741897583
var2,kmeans++,30,,5.0,197716,0,2284,0,2.2619051933288574
var2,kmeans,5,,15.0,197716,0,2284,0,0.648465633392334
var2,kmeans,10,,15.0,197716,0,2284,0,0.8392624855041504
var2,kmeans,30,,15.0,197716,0,2284,0,3.0968945026397705
var2,kmeans++,5,,15.0,197716,0,2284,0,0.6120164394378662
var2,kmeans++,10,,15.0,197716,0,2284,0,0.940032958984375
var2,kmeans++,30,,15.0,197716,0,2284,0,2.1091065406799316
var2,kmeans,5,,,197716,0,2284,0,0.9184374809265137
var2,kmeans,10,,,197716,0,2284,0,1.9329535961151123
var2,kmeans,30,,,197716,0,2284,0,2.4978220462799072
var2,kmeans++,5,,,197716,0,2284,0,0.8566262722015381
var2,kmeans++,10,,,197716,0,2284,0,1.5843689441680908
var2,kmeans++,30,,,197716,0,2284,0,2.675849676132202
var3,kmeans,5,smote,5.0,157279,40381,101882,96046,1.1472182273864746
var3,kmeans,10,smote,5.0,152239,45421,89450,108478,1.6532773971557617
var3,kmeans,30,smote,5.0,130516,67144,64377,133551,3.3335015773773193
var3,kmeans++,5,smote,5.0,134383,63277,84301,113627,1.3260204792022705
var3,kmeans++,10,smote,5.0,152043,45617,88281,109647,1.604673147201538
var3,kmeans++,30,smote,5.0,132794,64866,68050,129878,4.044755458831787
var3,kmeans,5,smote,15.0,159187,38473,60487,137441,2.53792405128479
var3,kmeans,10,smote,15.0,149011,48649,38729,159199,3.082700252532959
var3,kmeans,30,smote,15.0,150215,47445,35758,162170,5.038786888122559
var3,kmeans++,5,smote,15.0,138582,59078,45229,152699,2.5529937744140625
var3,kmeans++,10,smote,15.0,150768,46892,39216,158712,3.0788865089416504
var3,kmeans++,30,smote,15.0,150091,47569,40325,157603,5.892287015914917
var3,kmeans,5,smote,,164167,33493,46920,151008,3.0853538513183594
var3,kmeans,10,smote,,151292,46368,37190,160738,5.204890251159668
var3,kmeans,30,smote,,150226,47434,37965,159963,8.857952117919922
var3,kmeans++,5,smote,,160955,36705,57945,139983,3.0330936908721924
var3,kmeans++,10,smote,,149878,47782,35712,162216,5.104504346847534
var3,kmeans++,30,smote,,155164,42496,43584,154344,7.244800329208374
var3,kmeans,5,ros,5.0,131885,65775,82950,114978,1.1824321746826172
var3,kmeans,10,ros,5.0,146422,51238,86678,111250,1.5408716201782227
var3,kmeans,30,ros,5.0,133860,63800,67367,130561,3.677199602127075
var3,kmeans++,5,ros,5.0,155407,42253,93493,104435,1.178069829940796
var3,kmeans++,10,ros,5.0,128023,69637,69600,128328,1.4445250034332275
var3,kmeans++,30,ros,5.0,134899,62761,68459,129469,3.7083590030670166
var3,kmeans,5,ros,15.0,163683,33977,71670,126258,1.6288487911224365
var3,kmeans,10,ros,15.0,150216,47444,40088,157840,2.2078957557678223
var3,kmeans,30,ros,15.0,154471,43189,47452,150476,4.054778099060059
var3,kmeans++,5,ros,15.0,140472,57188,45433,152495,1.8838672637939453
var3,kmeans++,10,ros,15.0,152096,45564,38164,159764,2.3557770252227783
var3,kmeans++,30,ros,15.0,152069,45591,40591,157337,4.228452682495117
var3,kmeans,5,ros,,160013,37647,62285,135643,2.8228814601898193
var3,kmeans,10,ros,,164527,33133,59577,138351,3.108985424041748
var3,kmeans,30,ros,,149262,48398,41821,156107,6.985464572906494
var3,kmeans++,5,ros,,141403,56257,47471,150457,2.4630064964294434
var3,kmeans++,10,ros,,152924,44736,38457,159471,3.614572048187256
var3,kmeans++,30,ros,,143967,53693,37211,160717,4.839440584182739
var3,kmeans,5,under,5.0,1707,469,1003,1233,0.24604463577270508
var3,kmeans,10,under,5.0,1717,520,973,1202,0.23699545860290527
var3,kmeans,30,under,5.0,1566,604,875,1367,0.26401305198669434
var3,kmeans++,5,under,5.0,1758,473,1035,1146,0.226959228515625
var3,kmeans++,10,under,5.0,1728,505,990,1189,0.23261666297912598
var3,kmeans++,30,under,5.0,1450,701,764,1497,0.2664825916290283
var3,kmeans,5,under,15.0,1781,422,729,1480,0.2823371887207031
var3,kmeans,10,under,15.0,1896,312,727,1477,0.2682228088378906
var3,kmeans,30,under,15.0,1643,545,405,1819,0.3286428451538086
var3,kmeans++,5,under,15.0,1922,303,915,1272,0.2610783576965332
var3,kmeans++,10,under,15.0,1705,528,405,1774,0.2730443477630615
var3,kmeans++,30,under,15.0,1660,503,459,1790,0.2930638790130615
var3,kmeans,5,under,,1552,610,506,1744,0.1375899314880371
var3,kmeans,10,under,,1692,505,470,1745,0.1470491886138916
var3,kmeans,30,under,,1683,515,507,1707,0.17981314659118652
var3,kmeans++,5,under,,1564,582,528,1738,0.12672758102416992
var3,kmeans++,10,under,,1666,497,463,1786,0.15400433540344238
var3,kmeans++,30,under,,1639,533,474,1766,0.18712735176086426
var3,kmeans,5,,5.0,197788,0,2212,0,0.5641422271728516
var3,kmeans,10,,5.0,197788,0,2212,0,0.6761565208435059
var3,kmeans,30,,5.0,197788,0,2212,0,1.7137229442596436
var3,kmeans++,5,,5.0,197788,0,2212,0,0.5944535732269287
var3,kmeans++,10,,5.0,197788,0,2212,0,0.8266804218292236
var3,kmeans++,30,,5.0,197788,0,2212,0,1.435232162475586
var3,kmeans,5,,15.0,197788,0,2212,0,0.6684384346008301
var3,kmeans,10,,15.0,197788,0,2212,0,1.1550803184509277
var3,kmeans,30,,15.0,197788,0,2212,0,2.786557912826538
var3,kmeans++,5,,15.0,197788,0,2212,0,0.7524349689483643
var3,kmeans++,10,,15.0,197788,0,2212,0,0.9018979072570801
var3,kmeans++,30,,15.0,197788,0,2212,0,4.270925760269165
var3,kmeans,5,,,197788,0,2212,0,1.0965533256530762
var3,kmeans,10,,,197788,0,2212,0,2.2184667587280273
var3,kmeans,30,,,197788,0,2212,0,2.375761032104492
var3,kmeans++,5,,,197788,0,2212,0,1.406054973602295
var3,kmeans++,10,,,197788,0,2212,0,1.431034803390503
var3,kmeans++,30,,,197788,0,2212,0,2.9252429008483887
var4,kmeans,5,smote,5.0,120452,77113,55695,142328,1.0855143070220947
var4,kmeans,10,smote,5.0,126466,71099,49746,148277,1.8346469402313232
var4,kmeans,30,smote,5.0,134141,63424,57060,140963,4.4968180656433105
var4,kmeans++,5,smote,5.0,118878,78687,44412,153611,1.16249680519104
var4,kmeans++,10,smote,5.0,141019,56546,65518,132505,1.5083003044128418
var4,kmeans++,30,smote,5.0,130008,67557,53401,144622,3.753316879272461
var4,kmeans,5,smote,15.0,167387,30178,100454,97569,2.6186704635620117
var4,kmeans,10,smote,15.0,118695,78870,36717,161306,2.8614869117736816
var4,kmeans,30,smote,15.0,133287,64278,59600,138423,5.88034987449646
var4,kmeans++,5,smote,15.0,167220,30345,101726,96297,2.5148613452911377
var4,kmeans++,10,smote,15.0,140462,57103,63540,134483,3.785965919494629
var4,kmeans++,30,smote,15.0,126565,71000,53034,144989,6.352947473526001
var4,kmeans,5,smote,,135258,62307,52056,145967,2.80212140083313
var4,kmeans,10,smote,,123853,73712,42618,155405,3.355135679244995
var4,kmeans,30,smote,,137486,60079,60773,137250,5.265507221221924
var4,kmeans++,5,smote,,134942,62623,52056,145967,3.570301055908203
var4,kmeans++,10,smote,,111216,86349,33621,164402,4.030995607376099
var4,kmeans++,30,smote,,142630,54935,66786,131237,6.266216993331909
var4,kmeans,5,ros,5.0,149985,47580,79228,118795,1.0804822444915771
var4,kmeans,10,ros,5.0,141304,56261,64823,133200,1.8136382102966309
var4,kmeans,30,ros,5.0,128659,68906,55426,142597,2.9797513484954834
var4,kmeans++,5,ros,5.0,118339,79226,46759,151264,1.1205222606658936
var4,kmeans++,10,ros,5.0,141631,55934,64763,133260,1.3434553146362305
var4,kmeans++,30,ros,5.0,131697,65868,56498,141525,3.325071334838867
var4,kmeans,5,ros,15.0,135215,62350,53640,144383,1.749802589416504
var4,kmeans,10,ros,15.0,139767,57798,59424,138599,2.2071824073791504
var4,kmeans,30,ros,15.0,129808,67757,54743,143280,5.233764886856079
var4,kmeans++,5,ros,15.0,134958,62607,53640,144383,1.6014313697814941
var4,kmeans++,10,ros,15.0,133385,64180,52331,145692,2.297023057937622
var4,kmeans++,30,ros,15.0,129863,67702,58786,139237,4.02807879447937
var4,kmeans,5,ros,,134183,63382,72660,125363,2.3361775875091553
var4,kmeans,10,ros,,151888,45677,72555,125468,2.9763824939727783
var4,kmeans,30,ros,,135794,61771,63694,134329,5.707072496414185
var4,kmeans++,5,ros,,134556,63009,52787,145236,2.7738211154937744
var4,kmeans++,10,ros,,126594,70971,57814,140209,3.1381375789642334
var4,kmeans++,30,ros,,135642,61923,62573,135450,5.0322864055633545
var4,kmeans,5,under,5.0,1378,846,472,1716,0.22947359085083008
var4,kmeans,10,under,5.0,1430,780,563,1639,0.2324962615966797
var4,kmeans,30,under,5.0,1550,699,618,1545,0.25057482719421387
var4,kmeans++,5,under,5.0,1563,666,772,1411,0.21941137313842773
var4,kmeans++,10,under,5.0,1595,572,769,1476,0.2357795238494873
var4,kmeans++,30,under,5.0,1515,675,727,1495,0.2509422302246094
var4,kmeans,5,under,15.0,1485,720,601,1606,0.2719135284423828
var4,kmeans,10,under,15.0,1312,843,521,1736,0.2560844421386719
var4,kmeans,30,under,15.0,1615,648,683,1466,0.30265378952026367
var4,kmeans++,5,under,15.0,1627,550,798,1437,0.25510549545288086
var4,kmeans++,10,under,15.0,1461,767,609,1575,0.26493310928344727
var4,kmeans++,30,under,15.0,1688,526,853,1345,0.34227705001831055
var4,kmeans,5,under,,1488,700,588,1636,0.1309676170349121
var4,kmeans,10,under,,1430,754,550,1678,0.17743897438049316
var4,kmeans,30,under,,1512,683,712,1505,0.18376994132995605
var4,kmeans++,5,under,,1506,653,630,1623,0.1263728141784668
var4,kmeans++,10,under,,1484,699,743,1486,0.13199400901794434
var4,kmeans++,30,under,,1586,639,749,1438,0.18734455108642578
var4,kmeans,5,,5.0,197824,0,2176,0,0.610443115234375
var4,kmeans,10,,5.0,197824,0,2176,0,0.6347150802612305
var4,kmeans,30,,5.0,197824,0,2176,0,1.5384700298309326
var4,kmeans++,5,,5.0,197824,0,2176,0,0.51529860496521
var4,kmeans++,10,,5.0,197824,0,2176,0,0.6230413913726807
var4,kmeans++,30,,5.0,197824,0,2176,0,1.7520625591278076
var4,kmeans,5,,15.0,197824,0,2176,0,0.6734647750854492
var4,kmeans,10,,15.0,197824,0,2176,0,0.9741408824920654
var4,kmeans,30,,15.0,197824,0,2176,0,3.074154853820801
var4,kmeans++,5,,15.0,197824,0,2176,0,0.6105563640594482
var4,kmeans++,10,,15.0,197824,0,2176,0,1.2014994621276855
var4,kmeans++,30,,15.0,197824,0,2176,0,3.142334461212158
var4,kmeans,5,,,197824,0,2176,0,1.1144945621490479
var4,kmeans,10,,,197824,0,2176,0,1.1060724258422852
var4,kmeans,30,,,197824,0,2176,0,3.268111228942871
var4,kmeans++,5,,,197824,0,2176,0,0.8576145172119141
var4,kmeans++,10,,,197824,0,2176,0,2.200004816055298
var4,kmeans++,30,,,197824,0,2176,0,2.6877529621124268
var5,kmeans,5,smote,5.0,126053,71422,84730,113383,1.2928459644317627
var5,kmeans,10,smote,5.0,158645,38830,103723,94390,1.5205554962158203
var5,kmeans,30,smote,5.0,131720,65755,75561,122552,3.7800586223602295
var5,kmeans++,5,smote,5.0,125775,71700,82193,115920,1.257767677307129
var5,kmeans++,10,smote,5.0,158650,38825,103907,94206,1.5382533073425293
var5,kmeans++,30,smote,5.0,154153,43322,97166,100947,2.7973005771636963
var5,kmeans,5,smote,15.0,168700,28775,93083,105030,2.618919849395752
var5,kmeans,10,smote,15.0,152337,45138,63306,134807,3.013516902923584
var5,kmeans,30,smote,15.0,154678,42797,60270,137843,5.043975830078125
var5,kmeans++,5,smote,15.0,117414,80061,41027,157086,2.67895245552063
var5,kmeans++,10,smote,15.0,152027,45448,61107,137006,2.8963725566864014
var5,kmeans++,30,smote,15.0,149292,48183,56497,141616,5.041339159011841
var5,kmeans,5,smote,,170101,27374,90697,107416,3.187619209289551
var5,kmeans,10,smote,,153940,43535,66372,131741,3.8557300567626953
var5,kmeans,30,smote,,152871,44604,60321,137792,6.015365839004517
var5,kmeans++,5,smote,,166533,30942,85173,112940,3.0851221084594727
var5,kmeans++,10,smote,,155079,42396,58243,139870,4.382352113723755
var5,kmeans++,30,smote,,147196,50279,53477,144636,6.545335292816162
var5,kmeans,5,ros,5.0,126359,71116,84435,113678,1.0425565242767334
var5,kmeans,10,ros,5.0,140612,56863,85365,112748,1.3719735145568848
var5,kmeans,30,ros,5.0,139471,58004,83066,115047,3.0894458293914795
var5,kmeans++,5,ros,5.0,149370,48105,97384,100729,1.197068691253662
var5,kmeans++,10,ros,5.0,158688,38787,104363,93750,1.6753425598144531
var5,kmeans++,30,ros,5.0,140559,56916,85380,112733,3.664201021194458
var5,kmeans,5,ros,15.0,168698,28777,94712,103401,1.8773486614227295
var5,kmeans,10,ros,15.0,153611,43864,69400,128713,2.564624547958374
var5,kmeans,30,ros,15.0,156937,40538,65066,133047,5.135135650634766
var5,kmeans++,5,ros,15.0,168835,28640,94661,103452,1.7391068935394287
var5,kmeans++,10,ros,15.0,127326,70149,50399,147714,2.1237003803253174
var5,kmeans++,30,ros,15.0,157169,40306,65061,133052,4.454439401626587
var5,kmeans,5,ros,,118653,78822,43494,154619,2.6091859340667725
var5,kmeans,10,ros,,162015,35460,78032,120081,3.1859281063079834
var5,kmeans,30,ros,,156374,41101,62599,135514,5.5680389404296875
var5,kmeans++,5,ros,,143267,54208,56038,142075,3.3424417972564697
var5,kmeans++,10,ros,,157879,39596,73992,124121,3.2106661796569824
var5,kmeans++,30,ros,,156126,41349,63607,134506,5.013319969177246
var5,kmeans,5,under,5.0,1371,822,912,1307,0.25102663040161133
var5,kmeans,10,under,5.0,1652,533,1098,1129,0.22955703735351562
var5,kmeans,30,under,5.0,1554,652,932,1274,0.24961113929748535
var5,kmeans++,5,under,5.0,1348,850,879,1335,0.21287989616394043
var5,kmeans++,10,under,5.0,1792,444,1110,1066,0.23425793647766113
var5,kmeans++,30,under,5.0,1594,601,941,1276,0.24030232429504395
var5,kmeans,5,under,15.0,1317,887,452,1756,0.2725958824157715
var5,kmeans,10,under,15.0,1730,437,777,1468,0.27575206756591797
var5,kmeans,30,under,15.0,1608,577,569,1658,0.301302433013916
var5,kmeans++,5,under,15.0,1323,911,452,1726,0.26396679878234863
var5,kmeans++,10,under,15.0,1757,455,800,1400,0.2885324954986572
var5,kmeans++,30,under,15.0,1696,509,640,1567,0.3103015422821045
var5,kmeans,5,under,,1735,462,874,1341,0.1382312774658203
var5,kmeans,10,under,,1730,506,705,1471,0.1674952507019043
var5,kmeans,30,under,,1813,359,788,1452,0.1921217441558838
var5,kmeans++,5,under,,1751,443,935,1283,0.1303243637084961
var5,kmeans++,10,under,,1507,674,532,1699,0.16987156867980957
var5,kmeans++,30,under,,1712,477,706,1517,0.17037129402160645
var5,kmeans,5,,5.0,197784,0,2216,0,0.6086111068725586
var5,kmeans,10,,5.0,197784,0,2216,0,0.7387650012969971
var5,kmeans,30,,5.0,197784,0,2216,0,1.7905950546264648
var5,kmeans++,5,,5.0,197784,0,2216,0,0.6623637676239014
var5,kmeans++,10,,5.0,197784,0,2216,0,0.8473734855651855
var5,kmeans++,30,,5.0,197784,0,2216,0,2.2656023502349854
var5,kmeans,5,,15.0,197784,0,2216,0,0.687281608581543
var5,kmeans,10,,15.0,197784,0,2216,0,0.8937859535217285
var5,kmeans,30,,15.0,197784,0,2216,0,2.0737645626068115
var5,kmeans++,5,,15.0,197784,0,2216,0,0.6010489463806152
var5,kmeans++,10,,15.0,197784,0,2216,0,0.8254232406616211
var5,kmeans++,30,,15.0,197784,0,2216,0,2.533733606338501
var5,kmeans,5,,,197784,0,2216,0,0.9318618774414062
var5,kmeans,10,,,197784,0,2216,0,1.4312081336975098
var5,kmeans,30,,,197784,0,2216,0,3.501199245452881
var5,kmeans++,5,,,197784,0,2216,0,1.2651805877685547
var5,kmeans++,10,,,197784,0,2216,0,1.5980937480926514
var5,kmeans++,30,,,197784,0,2216,0,3.792276382446289
